customerNr,firm,contact,position,street,city,region,zip,country,phone,fax
1,Bluejam,eleport0@independent.co.uk,Europe/Berlin,15 Prairie Rose Junction,München,Bayern,81543,Germany,+49 618 750 3500,+1 399 138 1280
2,Jaxworks,sgrant1@ovh.net,Europe/Berlin,29 Bartelt Avenue,München,Bayern,81373,Germany,+49 107 563 5967,+373 542 773 9570
3,Blognation,hmosdill2@macromedia.com,Europe/Berlin,0 Crowley Center,München,Bayern,81373,Germany,+49 824 606 2310,+86 394 388 5080
4,Zoomzone,bmeddick3@pen.io,Europe/Berlin,06957 Susan Park,Augsburg,Bayern,86156,Germany,+49 233 207 7065,+351 542 459 6335
5,Rhyzio,ogleeson4@dailymotion.com,Europe/Berlin,0914 Leroy Avenue,Nürnberg,Bayern,90451,Germany,+49 717 838 7174,+86 842 945 5810
6,Flashpoint,bmacoun5@exblog.jp,Europe/Vienna,298 School Trail,Zwettl,Niederösterreich,3923,Austria,+43 319 847 9728,+1 804 447 8241
7,Zoombox,kzanetto6@tinypic.com,Europe/Berlin,714 Texas Place,München,Bayern,81373,Germany,+49 498 226 8207,+48 805 538 3488
8,Zazio,hdeferrari7@mozilla.org,Europe/Berlin,6426 Saint Paul Junction,München,Bayern,80337,Germany,+49 929 897 0468,+86 814 925 7942
9,Skyvu,cpotkin8@facebook.com,Europe/Berlin,154 Maywood Junction,München,Bayern,81679,Germany,+49 761 222 8367,+81 117 537 9570
10,Kazio,mmallabund9@marriott.com,Europe/Berlin,877 Village Hill,München,Bayern,80995,Germany,+49 666 868 2576,+373 961 767 4629
11,Devshare,jnoseworthya@ebay.co.uk,Europe/Berlin,49060 Dunning Road,München,Bayern,80686,Germany,+49 110 574 3330,+1 815 127 1509
12,Topiclounge,northmannb@princeton.edu,Europe/Berlin,8415 Graedel Junction,München,Bayern,80337,Germany,+49 465 716 8562,+63 873 982 9532
13,Talane,gbrutyc@yahoo.co.jp,Europe/Berlin,35400 Harper Court,München,Bayern,81543,Germany,+49 767 220 4199,+81 276 906 2151
14,Cogibox,efrentzd@ebay.com,Europe/Berlin,23977 Grasskamp Drive,München,Bayern,80337,Germany,+49 387 850 7304,+86 622 787 0433
15,Agimba,pkindalle@ted.com,Europe/Berlin,9179 Lakewood Parkway,Nürnberg,Bayern,90480,Germany,+49 561 880 4221,+63 624 166 2677
16,Skyba,lcamierf@wunderground.com,Europe/Vienna,4 Corry Lane,St. Anton an der Jeßnitz,Niederösterreich,3282,Austria,+43 706 106 8652,+86 398 326 4617
17,Yodoo,tduckittg@elpais.com,Europe/Berlin,732 Crowley Road,München,Bayern,80804,Germany,+49 313 595 8838,+1 227 643 9430
18,Zazio,ezealeh@aboutads.info,Europe/Berlin,17 Golf Alley,München,Bayern,81543,Germany,+49 678 523 1405,+60 202 639 0633
19,Youbridge,ehaxbyi@cocolog-nifty.com,Europe/Berlin,6504 Butternut Road,München,Bayern,81543,Germany,+49 996 628 2575,+234 813 196 3377
20,Kazu,dkarpenyaj@unblog.fr,Europe/Berlin,268 Boyd Court,Nürnberg,Bayern,90451,Germany,+49 508 937 1119,+63 846 222 8341
21,Twitterbridge,tuttonk@businesswire.com,Europe/Berlin,6 Mayer Park,München,Bayern,80686,Germany,+49 716 562 0484,+30 601 398 5046
22,Yodel,leldertonl@redcross.org,Europe/Berlin,93737 Talisman Point,München,Bayern,80995,Germany,+49 938 109 8760,+62 242 469 0287
23,Meemm,okuhnwaldm@pcworld.com,Europe/Berlin,13616 Elmside Way,Würzburg,Bayern,97078,Germany,+49 281 888 4885,+62 239 683 3786
24,Fatz,tewingtonn@photobucket.com,Europe/Berlin,7 Beilfuss Lane,Nürnberg,Bayern,90480,Germany,+49 459 132 8627,+62 222 529 0828
25,Jabberstorm,rcushellyo@odnoklassniki.ru,Europe/Berlin,69 Ronald Regan Point,München,Bayern,81373,Germany,+49 864 971 2001,+55 465 950 6035
26,Yambee,nstarrp@scribd.com,Europe/Vienna,0200 Ohio Court,Zwettl,Niederösterreich,3923,Austria,+43 809 374 8405,+7 979 128 8737
27,Skalith,slamckenq@newyorker.com,Europe/Berlin,62 Coleman Parkway,München,Bayern,81679,Germany,+49 112 303 2289,+30 641 354 5150
28,Browsezoom,rgoodshipr@123-reg.co.uk,Europe/Berlin,9 Gina Terrace,Nürnberg,Bayern,90480,Germany,+49 850 360 6462,+86 653 358 3080
29,Ozu,jliddiards@shop-pro.jp,Europe/Berlin,3207 Arapahoe Avenue,Nürnberg,Bayern,90451,Germany,+49 206 173 5920,+86 793 148 9446
30,Twitterlist,hcasserleyt@usa.gov,Europe/Berlin,36 Iowa Plaza,München,Bayern,80804,Germany,+49 401 693 8257,+33 274 598 1414
31,Vidoo,dbacchusu@sina.com.cn,Europe/Berlin,65 Grim Avenue,Nürnberg,Bayern,90411,Germany,+49 264 825 6881,+63 523 296 4741
32,Omba,spockeyv@unc.edu,Europe/Berlin,1722 New Castle Pass,München,Bayern,80995,Germany,+49 904 153 4216,+504 936 301 8373
33,Yozio,ahickw@typepad.com,Europe/Berlin,9475 Hoffman Center,Nürnberg,Bayern,90451,Germany,+49 859 602 8105,+63 636 234 4657
34,Zoonder,mtorbetx@topsy.com,Europe/Vienna,21012 Moose Hill,Zwettl,Niederösterreich,3923,Austria,+43 550 157 6335,+62 595 543 8017
35,Voonder,sdevinny@home.pl,Europe/Berlin,8 Hallows Alley,München,Bayern,80995,Germany,+49 839 988 1808,+66 210 438 9122
36,Dabshots,dszimonz@state.gov,Europe/Berlin,677 Tomscot Circle,München,Bayern,81543,Germany,+49 843 364 1460,+86 653 501 2400
37,Twitterbeat,lgladdin10@shareasale.com,Europe/Berlin,517 Mayer Pass,Nürnberg,Bayern,90480,Germany,+49 833 112 2677,+62 402 102 7500
38,Yozio,kcubuzzi11@yale.edu,Europe/Berlin,7 Everett Plaza,Nürnberg,Bayern,90480,Germany,+49 112 662 7759,+33 722 195 1253
39,Vitz,clepage12@google.com.br,Europe/Berlin,35041 Rowland Park,Nürnberg,Bayern,90411,Germany,+49 688 305 2538,+64 223 865 4514
40,Wordware,paharoni13@about.me,Europe/Berlin,4332 Bunting Avenue,Augsburg,Bayern,86156,Germany,+49 627 231 0380,+55 853 260 6783
41,Riffpath,bandryushin14@is.gd,Europe/Berlin,60 Swallow Center,Nürnberg,Bayern,90411,Germany,+49 411 704 5270,+62 734 762 1919
42,Rhynoodle,sbedin15@fema.gov,Europe/Berlin,78953 Cody Avenue,Augsburg,Bayern,86156,Germany,+49 435 368 5622,+31 498 676 6256
43,Jetwire,vweeden16@clickbank.net,Europe/Berlin,2 Pleasure Hill,Augsburg,Bayern,86156,Germany,+49 536 651 1901,+46 401 277 9275
44,Innotype,mabbie17@blog.com,Europe/Berlin,8340 Packers Terrace,Augsburg,Bayern,86156,Germany,+49 542 751 8738,+880 876 423 3831
45,Fivespan,gplose18@hud.gov,Europe/Berlin,4 Red Cloud Court,Nürnberg,Bayern,90411,Germany,+49 113 400 5781,+86 834 989 3270
